{
    "$schema": "https://schema.management.azure.com/schemas/2015-01-01/deploymentParameters.json#",
    "contentVersion": "1.0.0.0",
    "parameters": {
        "networkSecurityGroups_aadds_nsg_name": {
            "value": null
        },
        "domainServices_tmesales_bezencon_net_name": {
            "value": null
        },
        "loadBalancers_aadds_da71415dbf4b4edb8ee991c5772f60d5_lb_name": {
            "value": null
        },
        "networkInterfaces_aadds_24ca7fc51860464686968411e0cb3300_nic_name": {
            "value": null
        },
        "networkInterfaces_aadds_2ad43a563d5144f0ae941a589e2f8563_nic_name": {
            "value": null
        },
        "publicIPAddresses_aadds_da71415dbf4b4edb8ee991c5772f60d5_pip_name": {
            "value": null
        },
        "virtualNetworks_vnet_hub_ne_externalid": {
            "value": null
        }
    }
}