{
    "$schema": "https://schema.management.azure.com/schemas/2015-01-01/deploymentParameters.json#",
    "contentVersion": "1.0.0.0",
    "parameters": {
        "virtualMachines_vm_wvd_w10_0_name": {
            "value": null
        },
        "virtualMachines_vm_wvd_w10_1_name": {
            "value": null
        },
        "workspaces_demo01_name": {
            "value": null
        },
        "networkInterfaces_vm_wvd_w10_0_nic_name": {
            "value": null
        },
        "networkInterfaces_vm_wvd_w10_1_nic_name": {
            "value": null
        },
        "hostpools_wvd_tmesales_w10_01_name": {
            "value": null
        },
        "applicationgroups_wvd_tmesales_w10_01_DAG_name": {
            "value": null
        },
        "virtualNetworks_vnet_hub_ne_externalid": {
            "value": null
        }
    }
}