{
    "$schema": "https://schema.management.azure.com/schemas/2019-04-01/deploymentTemplate.json#",
    "contentVersion": "1.0.0.0",
    "parameters": {
        "virtualNetworks_vnet_hub_ne_name": {
            "defaultValue": "vnet-hub-ne",
            "type": "String"
        },
        "networkSecurityGroups_aadds_nsg_externalid": {
            "defaultValue": "/subscriptions/be8567b7-fd32-478f-ada5-2df8958c3d55/resourceGroups/TMESALES-AADDS/providers/Microsoft.Network/networkSecurityGroups/aadds-nsg",
            "type": "String"
        }
    },
    "variables": {},
    "resources": [
        {
            "type": "Microsoft.Network/virtualNetworks",
            "apiVersion": "2020-08-01",
            "name": "[parameters('virtualNetworks_vnet_hub_ne_name')]",
            "location": "northeurope",
            "properties": {
                "addressSpace": {
                    "addressPrefixes": [
                        "192.168.15.0/24"
                    ]
                },
                "dhcpOptions": {
                    "dnsServers": [
                        "192.168.15.133",
                        "192.168.15.132"
                    ]
                },
                "subnets": [
                    {
                        "name": "snet-gateway",
                        "properties": {
                            "addressPrefix": "192.168.15.224/27",
                            "delegations": [],
                            "privateEndpointNetworkPolicies": "Enabled",
                            "privateLinkServiceNetworkPolicies": "Enabled"
                        }
                    },
                    {
                        "name": "snet-transithub",
                        "properties": {
                            "addressPrefix": "192.168.15.0/25",
                            "delegations": [],
                            "privateEndpointNetworkPolicies": "Enabled",
                            "privateLinkServiceNetworkPolicies": "Enabled"
                        }
                    },
                    {
                        "name": "snet-aadds",
                        "properties": {
                            "addressPrefix": "192.168.15.128/27",
                            "networkSecurityGroup": {
                                "id": "[parameters('networkSecurityGroups_aadds_nsg_externalid')]"
                            },
                            "delegations": [],
                            "privateEndpointNetworkPolicies": "Enabled",
                            "privateLinkServiceNetworkPolicies": "Enabled"
                        }
                    }
                ],
                "virtualNetworkPeerings": [],
                "enableDdosProtection": false
            }
        },
        {
            "type": "Microsoft.Network/virtualNetworks/subnets",
            "apiVersion": "2020-08-01",
            "name": "[concat(parameters('virtualNetworks_vnet_hub_ne_name'), '/snet-aadds')]",
            "dependsOn": [
                "[resourceId('Microsoft.Network/virtualNetworks', parameters('virtualNetworks_vnet_hub_ne_name'))]"
            ],
            "properties": {
                "addressPrefix": "192.168.15.128/27",
                "networkSecurityGroup": {
                    "id": "[parameters('networkSecurityGroups_aadds_nsg_externalid')]"
                },
                "delegations": [],
                "privateEndpointNetworkPolicies": "Enabled",
                "privateLinkServiceNetworkPolicies": "Enabled"
            }
        },
        {
            "type": "Microsoft.Network/virtualNetworks/subnets",
            "apiVersion": "2020-08-01",
            "name": "[concat(parameters('virtualNetworks_vnet_hub_ne_name'), '/snet-gateway')]",
            "dependsOn": [
                "[resourceId('Microsoft.Network/virtualNetworks', parameters('virtualNetworks_vnet_hub_ne_name'))]"
            ],
            "properties": {
                "addressPrefix": "192.168.15.224/27",
                "delegations": [],
                "privateEndpointNetworkPolicies": "Enabled",
                "privateLinkServiceNetworkPolicies": "Enabled"
            }
        },
        {
            "type": "Microsoft.Network/virtualNetworks/subnets",
            "apiVersion": "2020-08-01",
            "name": "[concat(parameters('virtualNetworks_vnet_hub_ne_name'), '/snet-transithub')]",
            "dependsOn": [
                "[resourceId('Microsoft.Network/virtualNetworks', parameters('virtualNetworks_vnet_hub_ne_name'))]"
            ],
            "properties": {
                "addressPrefix": "192.168.15.0/25",
                "delegations": [],
                "privateEndpointNetworkPolicies": "Enabled",
                "privateLinkServiceNetworkPolicies": "Enabled"
            }
        }
    ]
}